postcode_district,county
AL1,HERTFORDSHIRE
AL10,HERTFORDSHIRE
AL2,HERTFORDSHIRE
AL3,HERTFORDSHIRE
AL4,HERTFORDSHIRE
AL5,HERTFORDSHIRE
AL6,HERTFORDSHIRE
AL7,HERTFORDSHIRE
AL8,HERTFORDSHIRE
AL9,HERTFORDSHIRE
B1,WEST MIDLANDS
B10,WEST MIDLANDS
B11,WEST MIDLANDS
B12,WEST MIDLANDS
B13,WEST MIDLANDS
B14,WEST MIDLANDS
B15,WEST MIDLANDS
B16,WEST MIDLANDS
B17,WEST MIDLANDS
B18,WEST MIDLANDS
B19,WEST MIDLANDS
B2,WEST MIDLANDS
B20,WEST MIDLANDS
B21,WEST MIDLANDS
B23,WEST MIDLANDS
B24,WEST MIDLANDS
B25,WEST MIDLANDS
B26,WEST MIDLANDS
B27,WEST MIDLANDS
B28,WEST MIDLANDS
B29,WEST MIDLANDS
B3,WEST MIDLANDS
B30,WEST MIDLANDS
B31,WEST MIDLANDS
B32,WEST MIDLANDS
B33,WEST MIDLANDS
B34,WEST MIDLANDS
B35,WEST MIDLANDS
B36,WEST MIDLANDS
B37,WEST MIDLANDS
B38,WEST MIDLANDS
B4,WEST MIDLANDS
B42,WEST MIDLANDS
B43,WEST MIDLANDS
B44,WEST MIDLANDS
B45,WEST MIDLANDS
B46,WARWICKSHIRE
B47,WORCESTERSHIRE
B48,WORCESTERSHIRE
B49,WARWICKSHIRE
B5,WEST MIDLANDS
B50,WARWICKSHIRE
B6,WEST MIDLANDS
B60,WORCESTERSHIRE
B61,WORCESTERSHIRE
B62,WEST MIDLANDS
B63,WEST MIDLANDS
B64,WEST MIDLANDS
B65,WEST MIDLANDS
B66,WEST MIDLANDS
B67,WEST MIDLANDS
B68,WEST MIDLANDS
B69,WEST MIDLANDS
B7,WEST MIDLANDS
B70,WEST MIDLANDS
B71,WEST MIDLANDS
B72,WEST MIDLANDS
B73,WEST MIDLANDS
B74,WEST MIDLANDS
B75,WEST MIDLANDS
B76,WEST MIDLANDS
B77,STAFFORDSHIRE
B78,STAFFORDSHIRE
B79,STAFFORDSHIRE
B8,WEST MIDLANDS
B80,WARWICKSHIRE
B9,WEST MIDLANDS
B90,WEST MIDLANDS
B91,WEST MIDLANDS
B92,WEST MIDLANDS
B93,WEST MIDLANDS
B94,WARWICKSHIRE
B95,WARWICKSHIRE
B96,WORCESTERSHIRE
B97,WORCESTERSHIRE
B98,WORCESTERSHIRE
BA1,BATH AND NORTH EAST SOMERSET
BA10,SOMERSET
BA11,SOMERSET
BA12,WILTSHIRE
BA13,WILTSHIRE
BA14,WILTSHIRE
BA15,WILTSHIRE
BA16,SOMERSET
BA2,BATH AND NORTH EAST SOMERSET
BA20,SOMERSET
BA21,SOMERSET
BA22,SOMERSET
BA3,BATH AND NORTH EAST SOMERSET
BA4,SOMERSET
BA5,SOMERSET
BA6,SOMERSET
BA7,SOMERSET
BA8,SOMERSET
BA9,SOMERSET
BB1,BLACKBURN WITH DARWEN
BB10,LANCASHIRE
BB11,LANCASHIRE
BB12,LANCASHIRE
BB18,LANCASHIRE
BB2,BLACKBURN WITH DARWEN
BB3,BLACKBURN WITH DARWEN
BB4,LANCASHIRE
BB5,LANCASHIRE
BB6,LANCASHIRE
BB7,LANCASHIRE
BB8,LANCASHIRE
BB9,LANCASHIRE
BD1,WEST YORKSHIRE
BD10,WEST YORKSHIRE
BD11,WEST YORKSHIRE
BD12,WEST YORKSHIRE
BD13,WEST YORKSHIRE
BD14,WEST YORKSHIRE
BD15,WEST YORKSHIRE
BD16,WEST YORKSHIRE
BD17,WEST YORKSHIRE
BD18,WEST YORKSHIRE
BD19,WEST YORKSHIRE
BD2,WEST YORKSHIRE
BD20,WEST YORKSHIRE
BD21,WEST YORKSHIRE
BD22,WEST YORKSHIRE
BD23,NORTH YORKSHIRE
BD24,NORTH YORKSHIRE
BD3,WEST YORKSHIRE
BD4,WEST YORKSHIRE
BD5,WEST YORKSHIRE
BD6,WEST YORKSHIRE
BD7,WEST YORKSHIRE
BD8,WEST YORKSHIRE
BD9,WEST YORKSHIRE
BH1,"BOURNEMOUTH, CHRISTCHURCH AND POOLE"
BH10,"BOURNEMOUTH, CHRISTCHURCH AND POOLE"
BH11,"BOURNEMOUTH, CHRISTCHURCH AND POOLE"
BH12,"BOURNEMOUTH, CHRISTCHURCH AND POOLE"
BH13,"BOURNEMOUTH, CHRISTCHURCH AND POOLE"
BH14,"BOURNEMOUTH, CHRISTCHURCH AND POOLE"
BH15,"BOURNEMOUTH, CHRISTCHURCH AND POOLE"
BH16,DORSET
BH17,"BOURNEMOUTH, CHRISTCHURCH AND POOLE"
BH18,"BOURNEMOUTH, CHRISTCHURCH AND POOLE"
BH19,DORSET
BH2,"BOURNEMOUTH, CHRISTCHURCH AND POOLE"
BH20,DORSET
BH21,DORSET
BH22,DORSET
BH23,"BOURNEMOUTH, CHRISTCHURCH AND POOLE"
BH24,HAMPSHIRE
BH25,HAMPSHIRE
BH3,"BOURNEMOUTH, CHRISTCHURCH AND POOLE"
BH31,DORSET
BH4,"BOURNEMOUTH, CHRISTCHURCH AND POOLE"
BH5,"BOURNEMOUTH, CHRISTCHURCH AND POOLE"
BH6,"BOURNEMOUTH, CHRISTCHURCH AND POOLE"
BH7,"BOURNEMOUTH, CHRISTCHURCH AND POOLE"
BH8,"BOURNEMOUTH, CHRISTCHURCH AND POOLE"
BH9,"BOURNEMOUTH, CHRISTCHURCH AND POOLE"
BL0,GREATER MANCHESTER
BL1,GREATER MANCHESTER
BL2,GREATER MANCHESTER
BL3,GREATER MANCHESTER
BL4,GREATER MANCHESTER
BL5,GREATER MANCHESTER
BL6,GREATER MANCHESTER
BL7,GREATER MANCHESTER
BL8,GREATER MANCHESTER
BL9,GREATER MANCHESTER
BN1,BRIGHTON AND HOVE
BN10,EAST SUSSEX
BN11,WEST SUSSEX
BN12,WEST SUSSEX
BN13,WEST SUSSEX
BN14,WEST SUSSEX
BN15,WEST SUSSEX
BN16,WEST SUSSEX
BN17,WEST SUSSEX
BN18,WEST SUSSEX
BN2,BRIGHTON AND HOVE
BN20,EAST SUSSEX
BN21,EAST SUSSEX
BN22,EAST SUSSEX
BN23,EAST SUSSEX
BN24,EAST SUSSEX
BN25,EAST SUSSEX
BN26,EAST SUSSEX
BN27,EAST SUSSEX
BN3,BRIGHTON AND HOVE
BN41,BRIGHTON AND HOVE
BN42,WEST SUSSEX
BN43,WEST SUSSEX
BN44,WEST SUSSEX
BN45,WEST SUSSEX
BN5,WEST SUSSEX
BN6,WEST SUSSEX
BN7,EAST SUSSEX
BN8,EAST SUSSEX
BN9,EAST SUSSEX
BR1,GREATER LONDON
BR2,GREATER LONDON
BR3,GREATER LONDON
BR4,GREATER LONDON
BR5,GREATER LONDON
BR6,GREATER LONDON
BR7,GREATER LONDON
BR8,KENT
BS1,CITY OF BRISTOL
BS10,CITY OF BRISTOL
BS11,CITY OF BRISTOL
BS13,CITY OF BRISTOL
BS14,CITY OF BRISTOL
BS15,SOUTH GLOUCESTERSHIRE
BS16,SOUTH GLOUCESTERSHIRE
BS2,CITY OF BRISTOL
BS20,NORTH SOMERSET
BS21,NORTH SOMERSET
BS22,NORTH SOMERSET
BS23,NORTH SOMERSET
BS24,NORTH SOMERSET
BS25,NORTH SOMERSET
BS26,SOMERSET
BS27,SOMERSET
BS28,SOMERSET
BS29,NORTH SOMERSET
BS3,CITY OF BRISTOL
BS30,SOUTH GLOUCESTERSHIRE
BS31,BATH AND NORTH EAST SOMERSET
BS32,SOUTH GLOUCESTERSHIRE
BS34,SOUTH GLOUCESTERSHIRE
BS35,SOUTH GLOUCESTERSHIRE
BS36,SOUTH GLOUCESTERSHIRE
BS37,SOUTH GLOUCESTERSHIRE
BS39,BATH AND NORTH EAST SOMERSET
BS4,CITY OF BRISTOL
BS40,NORTH SOMERSET
BS41,NORTH SOMERSET
BS48,NORTH SOMERSET
BS49,NORTH SOMERSET
BS5,CITY OF BRISTOL
BS6,CITY OF BRISTOL
BS7,CITY OF BRISTOL
BS8,CITY OF BRISTOL
BS9,CITY OF BRISTOL
CA1,CUMBERLAND
CA10,WESTMORLAND AND FURNESS
CA11,WESTMORLAND AND FURNESS
CA12,CUMBERLAND
CA13,CUMBERLAND
CA14,CUMBERLAND
CA15,CUMBERLAND
CA16,WESTMORLAND AND FURNESS
CA17,WESTMORLAND AND FURNESS
CA18,CUMBERLAND
CA19,CUMBERLAND
CA2,CUMBERLAND
CA20,CUMBERLAND
CA21,CUMBERLAND
CA22,CUMBERLAND
CA23,CUMBERLAND
CA24,CUMBRIA
CA25,CUMBERLAND
CA26,CUMBERLAND
CA27,CUMBERLAND
CA28,CUMBERLAND
CA3,CUMBERLAND
CA4,CUMBERLAND
CA5,CUMBERLAND
CA6,CUMBERLAND
CA7,CUMBERLAND
CA8,CUMBERLAND
CA9,WESTMORLAND AND FURNESS
CB1,CAMBRIDGESHIRE
CB10,ESSEX
CB11,ESSEX
CB2,CAMBRIDGESHIRE
CB21,CAMBRIDGESHIRE
CB22,CAMBRIDGESHIRE
CB23,CAMBRIDGESHIRE
CB24,CAMBRIDGESHIRE
CB25,CAMBRIDGESHIRE
CB3,CAMBRIDGESHIRE
CB4,CAMBRIDGESHIRE
CB5,CAMBRIDGESHIRE
CB6,CAMBRIDGESHIRE
CB7,CAMBRIDGESHIRE
CB8,SUFFOLK
CB9,SUFFOLK
CF1,CARDIFF
CF10,CARDIFF
CF11,CARDIFF
CF14,CARDIFF
CF15,CARDIFF
CF23,CARDIFF
CF24,CARDIFF
CF3,CARDIFF
CF31,BRIDGEND
CF32,BRIDGEND
CF33,BRIDGEND
CF34,BRIDGEND
CF35,BRIDGEND
CF36,BRIDGEND
CF37,RHONDDA CYNON TAFF
CF38,RHONDDA CYNON TAFF
CF39,RHONDDA CYNON TAFF
CF40,RHONDDA CYNON TAFF
CF41,RHONDDA CYNON TAFF
CF42,RHONDDA CYNON TAFF
CF43,RHONDDA CYNON TAFF
CF44,RHONDDA CYNON TAFF
CF45,RHONDDA CYNON TAFF
CF46,MERTHYR TYDFIL
CF47,MERTHYR TYDFIL
CF48,MERTHYR TYDFIL
CF5,CARDIFF
CF61,THE VALE OF GLAMORGAN
CF62,THE VALE OF GLAMORGAN
CF63,THE VALE OF GLAMORGAN
CF64,THE VALE OF GLAMORGAN
CF71,THE VALE OF GLAMORGAN
CF72,RHONDDA CYNON TAFF
CF81,CAERPHILLY
CF82,CAERPHILLY
CF83,CAERPHILLY
CH1,CHESHIRE WEST AND CHESTER
CH2,CHESHIRE WEST AND CHESTER
CH3,CHESHIRE WEST AND CHESTER
CH4,CHESHIRE WEST AND CHESTER
CH41,MERSEYSIDE
CH42,MERSEYSIDE
CH43,MERSEYSIDE
CH44,MERSEYSIDE
CH45,MERSEYSIDE
CH46,MERSEYSIDE
CH47,MERSEYSIDE
CH48,MERSEYSIDE
CH49,MERSEYSIDE
CH5,FLINTSHIRE
CH6,FLINTSHIRE
CH60,MERSEYSIDE
CH61,MERSEYSIDE
CH62,MERSEYSIDE
CH63,MERSEYSIDE
CH64,CHESHIRE WEST AND CHESTER
CH65,CHESHIRE WEST AND CHESTER
CH66,CHESHIRE WEST AND CHESTER
CH7,FLINTSHIRE
CH8,FLINTSHIRE
CM0,ESSEX
CM1,ESSEX
CM11,ESSEX
CM12,ESSEX
CM13,ESSEX
CM14,ESSEX
CM15,ESSEX
CM16,ESSEX
CM17,ESSEX
CM18,ESSEX
CM19,ESSEX
CM2,ESSEX
CM20,ESSEX
CM21,HERTFORDSHIRE
CM22,ESSEX
CM23,HERTFORDSHIRE
CM24,ESSEX
CM3,ESSEX
CM4,ESSEX
CM5,ESSEX
CM6,ESSEX
CM7,ESSEX
CM77,ESSEX
CM8,ESSEX
CM9,ESSEX
CO1,ESSEX
CO10,SUFFOLK
CO11,ESSEX
CO12,ESSEX
CO13,ESSEX
CO14,ESSEX
CO15,ESSEX
CO16,ESSEX
CO2,ESSEX
CO3,ESSEX
CO4,ESSEX
CO5,ESSEX
CO6,ESSEX
CO7,ESSEX
CO8,ESSEX
CO9,ESSEX
CR0,GREATER LONDON
CR2,GREATER LONDON
CR3,SURREY
CR4,GREATER LONDON
CR5,GREATER LONDON
CR6,SURREY
CR7,GREATER LONDON
CR8,GREATER LONDON
CT1,KENT
CT10,KENT
CT11,KENT
CT12,KENT
CT13,KENT
CT14,KENT
CT15,KENT
CT16,KENT
CT17,KENT
CT18,KENT
CT19,KENT
CT2,KENT
CT20,KENT
CT21,KENT
CT3,KENT
CT4,KENT
CT5,KENT
CT6,KENT
CT7,KENT
CT8,KENT
CT9,KENT
CV1,WEST MIDLANDS
CV10,WARWICKSHIRE
CV11,WARWICKSHIRE
CV12,WARWICKSHIRE
CV13,LEICESTERSHIRE
CV2,WEST MIDLANDS
CV21,WARWICKSHIRE
CV22,WARWICKSHIRE
CV23,WARWICKSHIRE
CV3,WEST MIDLANDS
CV31,WARWICKSHIRE
CV32,WARWICKSHIRE
CV33,WARWICKSHIRE
CV34,WARWICKSHIRE
CV35,WARWICKSHIRE
CV36,WARWICKSHIRE
CV37,WARWICKSHIRE
CV4,WEST MIDLANDS
CV47,WARWICKSHIRE
CV5,WEST MIDLANDS
CV6,WEST MIDLANDS
CV7,WEST MIDLANDS
CV8,WARWICKSHIRE
CV9,WARWICKSHIRE
CW1,CHESHIRE EAST
CW10,CHESHIRE EAST
CW11,CHESHIRE EAST
CW12,CHESHIRE EAST
CW2,CHESHIRE EAST
CW3,STAFFORDSHIRE
CW4,CHESHIRE EAST
CW5,CHESHIRE EAST
CW6,CHESHIRE WEST AND CHESTER
CW7,CHESHIRE WEST AND CHESTER
CW8,CHESHIRE WEST AND CHESTER
CW9,CHESHIRE WEST AND CHESTER
DA1,KENT
DA10,KENT
DA11,KENT
DA12,KENT
DA13,KENT
DA14,GREATER LONDON
DA15,GREATER LONDON
DA16,GREATER LONDON
DA17,GREATER LONDON
DA18,GREATER LONDON
DA2,KENT
DA3,KENT
DA4,KENT
DA5,GREATER LONDON
DA6,GREATER LONDON
DA7,GREATER LONDON
DA8,GREATER LONDON
DA9,KENT
DE1,CITY OF DERBY
DE11,DERBYSHIRE
DE12,LEICESTERSHIRE
DE13,STAFFORDSHIRE
DE14,STAFFORDSHIRE
DE15,STAFFORDSHIRE
DE21,CITY OF DERBY
DE22,CITY OF DERBY
DE23,CITY OF DERBY
DE24,CITY OF DERBY
DE3,CITY OF DERBY
DE4,DERBYSHIRE
DE45,DERBYSHIRE
DE5,DERBYSHIRE
DE55,DERBYSHIRE
DE56,DERBYSHIRE
DE6,DERBYSHIRE
DE65,DERBYSHIRE
DE7,DERBYSHIRE
DE72,DERBYSHIRE
DE73,CITY OF DERBY
DE74,LEICESTERSHIRE
DE75,DERBYSHIRE
DG16,CUMBERLAND
DH1,COUNTY DURHAM
DH2,COUNTY DURHAM
DH3,COUNTY DURHAM
DH4,TYNE AND WEAR
DH5,TYNE AND WEAR
DH6,COUNTY DURHAM
DH7,COUNTY DURHAM
DH8,COUNTY DURHAM
DH9,COUNTY DURHAM
DL1,DARLINGTON
DL10,NORTH YORKSHIRE
DL11,NORTH YORKSHIRE
DL12,COUNTY DURHAM
DL13,COUNTY DURHAM
DL14,COUNTY DURHAM
DL15,COUNTY DURHAM
DL16,COUNTY DURHAM
DL17,COUNTY DURHAM
DL2,DARLINGTON
DL3,DARLINGTON
DL4,COUNTY DURHAM
DL5,COUNTY DURHAM
DL6,NORTH YORKSHIRE
DL7,NORTH YORKSHIRE
DL8,NORTH YORKSHIRE
DL9,NORTH YORKSHIRE
DN1,SOUTH YORKSHIRE
DN10,NOTTINGHAMSHIRE
DN11,SOUTH YORKSHIRE
DN12,SOUTH YORKSHIRE
DN14,EAST RIDING OF YORKSHIRE
DN15,NORTH LINCOLNSHIRE
DN16,NORTH LINCOLNSHIRE
DN17,NORTH LINCOLNSHIRE
DN18,NORTH LINCOLNSHIRE
DN19,NORTH LINCOLNSHIRE
DN2,SOUTH YORKSHIRE
DN20,NORTH LINCOLNSHIRE
DN21,LINCOLNSHIRE
DN22,NOTTINGHAMSHIRE
DN3,SOUTH YORKSHIRE
DN31,NORTH EAST LINCOLNSHIRE
DN32,NORTH EAST LINCOLNSHIRE
DN33,NORTH EAST LINCOLNSHIRE
DN34,NORTH EAST LINCOLNSHIRE
DN35,NORTH EAST LINCOLNSHIRE
DN36,NORTH EAST LINCOLNSHIRE
DN37,NORTH EAST LINCOLNSHIRE
DN38,NORTH LINCOLNSHIRE
DN39,NORTH LINCOLNSHIRE
DN4,SOUTH YORKSHIRE
DN40,NORTH EAST LINCOLNSHIRE
DN41,NORTH EAST LINCOLNSHIRE
DN5,SOUTH YORKSHIRE
DN6,SOUTH YORKSHIRE
DN7,SOUTH YORKSHIRE
DN8,SOUTH YORKSHIRE
DN9,NORTH LINCOLNSHIRE
DT1,DORSET
DT10,DORSET
DT11,DORSET
DT2,DORSET
DT3,DORSET
DT4,DORSET
DT5,DORSET
DT6,DORSET
DT7,DORSET
DT8,DORSET
DT9,DORSET
DY1,WEST MIDLANDS
DY10,WORCESTERSHIRE
DY11,WORCESTERSHIRE
DY12,WORCESTERSHIRE
DY13,WORCESTERSHIRE
DY14,SHROPSHIRE
DY2,WEST MIDLANDS
DY3,WEST MIDLANDS
DY4,WEST MIDLANDS
DY5,WEST MIDLANDS
DY6,WEST MIDLANDS
DY7,STAFFORDSHIRE
DY8,WEST MIDLANDS
DY9,WEST MIDLANDS
E1,GREATER LONDON
E10,GREATER LONDON
E11,GREATER LONDON
E12,GREATER LONDON
E13,GREATER LONDON
E14,GREATER LONDON
E15,GREATER LONDON
E16,GREATER LONDON
E17,GREATER LONDON
E18,GREATER LONDON
E1W,GREATER LONDON
E2,GREATER LONDON
E20,GREATER LONDON
E22,GREATER LONDON
E3,GREATER LONDON
E4,GREATER LONDON
E5,GREATER LONDON
E6,GREATER LONDON
E7,GREATER LONDON
E8,GREATER LONDON
E9,GREATER LONDON
EC1A,GREATER LONDON
EC1M,GREATER LONDON
EC1N,GREATER LONDON
EC1R,GREATER LONDON
EC1V,GREATER LONDON
EC1Y,GREATER LONDON
EC2A,GREATER LONDON
EC2M,GREATER LONDON
EC2R,GREATER LONDON
EC2Y,GREATER LONDON
EC3A,GREATER LONDON
EC3N,GREATER LONDON
EC3R,GREATER LONDON
EC4A,GREATER LONDON
EC4M,GREATER LONDON
EC4R,GREATER LONDON
EC4V,GREATER LONDON
EC4Y,GREATER LONDON
EN1,GREATER LONDON
EN10,HERTFORDSHIRE
EN11,HERTFORDSHIRE
EN2,GREATER LONDON
EN3,GREATER LONDON
EN4,GREATER LONDON
EN5,GREATER LONDON
EN6,HERTFORDSHIRE
EN7,HERTFORDSHIRE
EN8,HERTFORDSHIRE
EN9,ESSEX
EX1,DEVON
EX10,DEVON
EX11,DEVON
EX12,DEVON
EX13,DEVON
EX14,DEVON
EX15,DEVON
EX16,DEVON
EX17,DEVON
EX18,DEVON
EX19,DEVON
EX2,DEVON
EX20,DEVON
EX21,DEVON
EX22,DEVON
EX23,CORNWALL
EX24,DEVON
EX3,DEVON
EX31,DEVON
EX32,DEVON
EX33,DEVON
EX34,DEVON
EX35,DEVON
EX36,DEVON
EX37,DEVON
EX38,DEVON
EX39,DEVON
EX4,DEVON
EX5,DEVON
EX6,DEVON
EX7,DEVON
EX8,DEVON
EX9,DEVON
FY1,BLACKPOOL
FY2,BLACKPOOL
FY3,BLACKPOOL
FY4,BLACKPOOL
FY5,LANCASHIRE
FY6,LANCASHIRE
FY7,LANCASHIRE
FY8,LANCASHIRE
GL1,GLOUCESTERSHIRE
GL10,GLOUCESTERSHIRE
GL11,GLOUCESTERSHIRE
GL12,SOUTH GLOUCESTERSHIRE
GL13,GLOUCESTERSHIRE
GL14,GLOUCESTERSHIRE
GL15,GLOUCESTERSHIRE
GL16,GLOUCESTERSHIRE
GL17,GLOUCESTERSHIRE
GL18,GLOUCESTERSHIRE
GL19,GLOUCESTERSHIRE
GL2,GLOUCESTERSHIRE
GL20,GLOUCESTERSHIRE
GL3,GLOUCESTERSHIRE
GL4,GLOUCESTERSHIRE
GL5,GLOUCESTERSHIRE
GL50,GLOUCESTERSHIRE
GL51,GLOUCESTERSHIRE
GL52,GLOUCESTERSHIRE
GL53,GLOUCESTERSHIRE
GL54,GLOUCESTERSHIRE
GL55,GLOUCESTERSHIRE
GL56,GLOUCESTERSHIRE
GL6,GLOUCESTERSHIRE
GL7,GLOUCESTERSHIRE
GL8,GLOUCESTERSHIRE
GL9,SOUTH GLOUCESTERSHIRE
GU1,SURREY
GU10,SURREY
GU11,HAMPSHIRE
GU12,SURREY
GU14,HAMPSHIRE
GU15,SURREY
GU16,SURREY
GU17,HAMPSHIRE
GU18,SURREY
GU19,SURREY
GU2,SURREY
GU20,SURREY
GU21,SURREY
GU22,SURREY
GU23,SURREY
GU24,SURREY
GU25,SURREY
GU26,SURREY
GU27,SURREY
GU28,WEST SUSSEX
GU29,WEST SUSSEX
GU3,SURREY
GU30,HAMPSHIRE
GU31,HAMPSHIRE
GU32,HAMPSHIRE
GU33,HAMPSHIRE
GU34,HAMPSHIRE
GU35,HAMPSHIRE
GU4,SURREY
GU46,HAMPSHIRE
GU47,BRACKNELL FOREST
GU5,SURREY
GU51,HAMPSHIRE
GU52,HAMPSHIRE
GU6,SURREY
GU7,SURREY
GU8,SURREY
GU9,SURREY
HA0,GREATER LONDON
HA1,GREATER LONDON
HA2,GREATER LONDON
HA3,GREATER LONDON
HA4,GREATER LONDON
HA5,GREATER LONDON
HA6,GREATER LONDON
HA7,GREATER LONDON
HA8,GREATER LONDON
HA9,GREATER LONDON
HD1,WEST YORKSHIRE
HD2,WEST YORKSHIRE
HD3,WEST YORKSHIRE
HD4,WEST YORKSHIRE
HD5,WEST YORKSHIRE
HD6,WEST YORKSHIRE
HD7,WEST YORKSHIRE
HD8,WEST YORKSHIRE
HD9,WEST YORKSHIRE
HG1,NORTH YORKSHIRE
HG2,NORTH YORKSHIRE
HG3,NORTH YORKSHIRE
HG4,NORTH YORKSHIRE
HG5,NORTH YORKSHIRE
HP1,HERTFORDSHIRE
HP10,BUCKINGHAMSHIRE
HP11,BUCKINGHAMSHIRE
HP12,BUCKINGHAMSHIRE
HP13,BUCKINGHAMSHIRE
HP14,BUCKINGHAMSHIRE
HP15,BUCKINGHAMSHIRE
HP16,BUCKINGHAMSHIRE
HP17,BUCKINGHAMSHIRE
HP18,BUCKINGHAMSHIRE
HP19,BUCKINGHAMSHIRE
HP2,HERTFORDSHIRE
HP20,BUCKINGHAMSHIRE
HP21,BUCKINGHAMSHIRE
HP22,BUCKINGHAMSHIRE
HP23,HERTFORDSHIRE
HP27,BUCKINGHAMSHIRE
HP3,HERTFORDSHIRE
HP4,HERTFORDSHIRE
HP5,BUCKINGHAMSHIRE
HP6,BUCKINGHAMSHIRE
HP7,BUCKINGHAMSHIRE
HP8,BUCKINGHAMSHIRE
HP9,BUCKINGHAMSHIRE
HR1,HEREFORDSHIRE
HR2,HEREFORDSHIRE
HR3,POWYS
HR4,HEREFORDSHIRE
HR5,HEREFORDSHIRE
HR6,HEREFORDSHIRE
HR7,HEREFORDSHIRE
HR8,HEREFORDSHIRE
HR9,HEREFORDSHIRE
HU1,CITY OF KINGSTON UPON HULL
HU10,EAST RIDING OF YORKSHIRE
HU11,EAST RIDING OF YORKSHIRE
HU12,EAST RIDING OF YORKSHIRE
HU13,EAST RIDING OF YORKSHIRE
HU14,EAST RIDING OF YORKSHIRE
HU15,EAST RIDING OF YORKSHIRE
HU16,EAST RIDING OF YORKSHIRE
HU17,EAST RIDING OF YORKSHIRE
HU18,EAST RIDING OF YORKSHIRE
HU19,EAST RIDING OF YORKSHIRE
HU2,CITY OF KINGSTON UPON HULL
HU20,EAST RIDING OF YORKSHIRE
HU3,CITY OF KINGSTON UPON HULL
HU4,CITY OF KINGSTON UPON HULL
HU5,CITY OF KINGSTON UPON HULL
HU6,CITY OF KINGSTON UPON HULL
HU7,CITY OF KINGSTON UPON HULL
HU8,CITY OF KINGSTON UPON HULL
HU9,CITY OF KINGSTON UPON HULL
HX1,WEST YORKSHIRE
HX2,WEST YORKSHIRE
HX3,WEST YORKSHIRE
HX4,WEST YORKSHIRE
HX5,WEST YORKSHIRE
HX6,WEST YORKSHIRE
HX7,WEST YORKSHIRE
IG1,GREATER LONDON
IG10,ESSEX
IG11,GREATER LONDON
IG2,GREATER LONDON
IG3,GREATER LONDON
IG4,GREATER LONDON
IG5,GREATER LONDON
IG6,GREATER LONDON
IG7,ESSEX
IG8,GREATER LONDON
IG9,ESSEX
IP1,SUFFOLK
IP10,SUFFOLK
IP11,SUFFOLK
IP12,SUFFOLK
IP13,SUFFOLK
IP14,SUFFOLK
IP15,SUFFOLK
IP16,SUFFOLK
IP17,SUFFOLK
IP18,SUFFOLK
IP19,SUFFOLK
IP2,SUFFOLK
IP20,NORFOLK
IP21,SUFFOLK
IP22,NORFOLK
IP23,SUFFOLK
IP24,NORFOLK
IP25,NORFOLK
IP26,NORFOLK
IP27,SUFFOLK
IP28,SUFFOLK
IP29,SUFFOLK
IP3,SUFFOLK
IP30,SUFFOLK
IP31,SUFFOLK
IP32,SUFFOLK
IP33,SUFFOLK
IP4,SUFFOLK
IP5,SUFFOLK
IP6,SUFFOLK
IP7,SUFFOLK
IP8,SUFFOLK
IP9,SUFFOLK
KT1,GREATER LONDON
KT10,SURREY
KT11,SURREY
KT12,SURREY
KT13,SURREY
KT14,SURREY
KT15,SURREY
KT16,SURREY
KT17,SURREY
KT18,SURREY
KT19,SURREY
KT2,GREATER LONDON
KT20,SURREY
KT21,SURREY
KT22,SURREY
KT23,SURREY
KT24,SURREY
KT3,GREATER LONDON
KT4,GREATER LONDON
KT5,GREATER LONDON
KT6,GREATER LONDON
KT7,SURREY
KT8,SURREY
KT9,GREATER LONDON
L1,MERSEYSIDE
L10,MERSEYSIDE
L11,MERSEYSIDE
L12,MERSEYSIDE
L13,MERSEYSIDE
L14,MERSEYSIDE
L15,MERSEYSIDE
L16,MERSEYSIDE
L17,MERSEYSIDE
L18,MERSEYSIDE
L19,MERSEYSIDE
L2,MERSEYSIDE
L20,MERSEYSIDE
L21,MERSEYSIDE
L22,MERSEYSIDE
L23,MERSEYSIDE
L24,MERSEYSIDE
L25,MERSEYSIDE
L26,MERSEYSIDE
L27,MERSEYSIDE
L28,MERSEYSIDE
L29,MERSEYSIDE
L3,MERSEYSIDE
L30,MERSEYSIDE
L31,MERSEYSIDE
L32,MERSEYSIDE
L33,MERSEYSIDE
L34,MERSEYSIDE
L35,MERSEYSIDE
L36,MERSEYSIDE
L37,MERSEYSIDE
L38,MERSEYSIDE
L39,LANCASHIRE
L4,MERSEYSIDE
L40,LANCASHIRE
L5,MERSEYSIDE
L6,MERSEYSIDE
L7,MERSEYSIDE
L8,MERSEYSIDE
L9,MERSEYSIDE
LA1,LANCASHIRE
LA10,WESTMORLAND AND FURNESS
LA11,WESTMORLAND AND FURNESS
LA12,WESTMORLAND AND FURNESS
LA13,WESTMORLAND AND FURNESS
LA14,WESTMORLAND AND FURNESS
LA15,WESTMORLAND AND FURNESS
LA16,WESTMORLAND AND FURNESS
LA17,WESTMORLAND AND FURNESS
LA18,CUMBERLAND
LA19,CUMBERLAND
LA2,LANCASHIRE
LA20,CUMBRIA
LA21,WESTMORLAND AND FURNESS
LA22,WESTMORLAND AND FURNESS
LA23,WESTMORLAND AND FURNESS
LA3,LANCASHIRE
LA4,LANCASHIRE
LA5,LANCASHIRE
LA6,WESTMORLAND AND FURNESS
LA7,WESTMORLAND AND FURNESS
LA8,WESTMORLAND AND FURNESS
LA9,WESTMORLAND AND FURNESS
LD1,POWYS
LD2,POWYS
LD3,POWYS
LD4,POWYS
LD5,POWYS
LD6,POWYS
LD7,POWYS
LD8,POWYS
LE1,LEICESTER
LE10,LEICESTERSHIRE
LE11,LEICESTERSHIRE
LE12,LEICESTERSHIRE
LE13,LEICESTERSHIRE
LE14,LEICESTERSHIRE
LE15,RUTLAND
LE16,LEICESTERSHIRE
LE17,LEICESTERSHIRE
LE18,LEICESTERSHIRE
LE19,LEICESTERSHIRE
LE2,LEICESTER
LE3,LEICESTER
LE4,LEICESTER
LE5,LEICESTER
LE6,LEICESTERSHIRE
LE65,LEICESTERSHIRE
LE67,LEICESTERSHIRE
LE7,LEICESTERSHIRE
LE8,LEICESTERSHIRE
LE9,LEICESTERSHIRE
LL11,WREXHAM
LL12,WREXHAM
LL13,WREXHAM
LL14,WREXHAM
LL15,DENBIGHSHIRE
LL16,DENBIGHSHIRE
LL17,DENBIGHSHIRE
LL18,DENBIGHSHIRE
LL19,DENBIGHSHIRE
LL20,DENBIGHSHIRE
LL21,DENBIGHSHIRE
LL22,CONWY
LL23,GWYNEDD
LL24,CONWY
LL25,CONWY
LL26,CONWY
LL27,CONWY
LL28,CONWY
LL29,CONWY
LL30,CONWY
LL31,CONWY
LL32,CONWY
LL33,CONWY
LL34,CONWY
LL35,GWYNEDD
LL36,GWYNEDD
LL37,GWYNEDD
LL38,GWYNEDD
LL39,GWYNEDD
LL40,GWYNEDD
LL41,GWYNEDD
LL42,GWYNEDD
LL43,GWYNEDD
LL44,GWYNEDD
LL45,GWYNEDD
LL46,GWYNEDD
LL47,GWYNEDD
LL48,GWYNEDD
LL49,GWYNEDD
LL51,GWYNEDD
LL52,GWYNEDD
LL53,GWYNEDD
LL54,GWYNEDD
LL55,GWYNEDD
LL56,GWYNEDD
LL57,GWYNEDD
LL58,ISLE OF ANGLESEY
LL59,ISLE OF ANGLESEY
LL60,ISLE OF ANGLESEY
LL61,ISLE OF ANGLESEY
LL62,ISLE OF ANGLESEY
LL63,ISLE OF ANGLESEY
LL64,ISLE OF ANGLESEY
LL65,ISLE OF ANGLESEY
LL66,ISLE OF ANGLESEY
LL67,ISLE OF ANGLESEY
LL68,ISLE OF ANGLESEY
LL69,ISLE OF ANGLESEY
LL70,ISLE OF ANGLESEY
LL71,ISLE OF ANGLESEY
LL72,ISLE OF ANGLESEY
LL73,ISLE OF ANGLESEY
LL74,ISLE OF ANGLESEY
LL75,ISLE OF ANGLESEY
LL76,ISLE OF ANGLESEY
LL77,ISLE OF ANGLESEY
LL78,ISLE OF ANGLESEY
LN1,LINCOLNSHIRE
LN10,LINCOLNSHIRE
LN11,LINCOLNSHIRE
LN12,LINCOLNSHIRE
LN13,LINCOLNSHIRE
LN2,LINCOLNSHIRE
LN3,LINCOLNSHIRE
LN4,LINCOLNSHIRE
LN5,LINCOLNSHIRE
LN6,LINCOLNSHIRE
LN7,LINCOLNSHIRE
LN8,LINCOLNSHIRE
LN9,LINCOLNSHIRE
LS1,WEST YORKSHIRE
LS10,WEST YORKSHIRE
LS11,WEST YORKSHIRE
LS12,WEST YORKSHIRE
LS13,WEST YORKSHIRE
LS14,WEST YORKSHIRE
LS15,WEST YORKSHIRE
LS16,WEST YORKSHIRE
LS17,WEST YORKSHIRE
LS18,WEST YORKSHIRE
LS19,WEST YORKSHIRE
LS2,WEST YORKSHIRE
LS20,WEST YORKSHIRE
LS21,WEST YORKSHIRE
LS22,WEST YORKSHIRE
LS23,WEST YORKSHIRE
LS24,NORTH YORKSHIRE
LS25,WEST YORKSHIRE
LS26,WEST YORKSHIRE
LS27,WEST YORKSHIRE
LS28,WEST YORKSHIRE
LS29,WEST YORKSHIRE
LS3,WEST YORKSHIRE
LS4,WEST YORKSHIRE
LS5,WEST YORKSHIRE
LS6,WEST YORKSHIRE
LS7,WEST YORKSHIRE
LS8,WEST YORKSHIRE
LS9,WEST YORKSHIRE
LU1,LUTON
LU2,LUTON
LU3,LUTON
LU4,LUTON
LU5,CENTRAL BEDFORDSHIRE
LU6,CENTRAL BEDFORDSHIRE
LU7,CENTRAL BEDFORDSHIRE
M1,GREATER MANCHESTER
M11,GREATER MANCHESTER
M12,GREATER MANCHESTER
M13,GREATER MANCHESTER
M14,GREATER MANCHESTER
M15,GREATER MANCHESTER
M16,GREATER MANCHESTER
M17,GREATER MANCHESTER
M18,GREATER MANCHESTER
M19,GREATER MANCHESTER
M2,GREATER MANCHESTER
M20,GREATER MANCHESTER
M21,GREATER MANCHESTER
M22,GREATER MANCHESTER
M23,GREATER MANCHESTER
M24,GREATER MANCHESTER
M25,GREATER MANCHESTER
M26,GREATER MANCHESTER
M27,GREATER MANCHESTER
M28,GREATER MANCHESTER
M29,GREATER MANCHESTER
M3,GREATER MANCHESTER
M30,GREATER MANCHESTER
M31,GREATER MANCHESTER
M32,GREATER MANCHESTER
M33,GREATER MANCHESTER
M34,GREATER MANCHESTER
M35,GREATER MANCHESTER
M38,GREATER MANCHESTER
M4,GREATER MANCHESTER
M40,GREATER MANCHESTER
M41,GREATER MANCHESTER
M43,GREATER MANCHESTER
M44,GREATER MANCHESTER
M45,GREATER MANCHESTER
M46,GREATER MANCHESTER
M5,GREATER MANCHESTER
M50,GREATER MANCHESTER
M6,GREATER MANCHESTER
M7,GREATER MANCHESTER
M8,GREATER MANCHESTER
M9,GREATER MANCHESTER
ME1,MEDWAY
ME10,KENT
ME11,KENT
ME12,KENT
ME13,KENT
ME14,KENT
ME15,KENT
ME16,KENT
ME17,KENT
ME18,KENT
ME19,KENT
ME2,MEDWAY
ME20,KENT
ME3,MEDWAY
ME4,MEDWAY
ME5,MEDWAY
ME6,KENT
ME7,MEDWAY
ME8,MEDWAY
ME9,KENT
MK1,MILTON KEYNES
MK10,MILTON KEYNES
MK11,MILTON KEYNES
MK12,MILTON KEYNES
MK13,MILTON KEYNES
MK14,MILTON KEYNES
MK15,MILTON KEYNES
MK16,MILTON KEYNES
MK17,MILTON KEYNES
MK18,BUCKINGHAMSHIRE
MK19,WEST NORTHAMPTONSHIRE
MK2,MILTON KEYNES
MK3,MILTON KEYNES
MK4,MILTON KEYNES
MK40,BEDFORD
MK41,BEDFORD
MK42,BEDFORD
MK43,BEDFORD
MK44,BEDFORD
MK45,CENTRAL BEDFORDSHIRE
MK46,MILTON KEYNES
MK5,MILTON KEYNES
MK6,MILTON KEYNES
MK7,MILTON KEYNES
MK8,MILTON KEYNES
MK9,MILTON KEYNES
N1,GREATER LONDON
N10,GREATER LONDON
N11,GREATER LONDON
N12,GREATER LONDON
N13,GREATER LONDON
N14,GREATER LONDON
N15,GREATER LONDON
N16,GREATER LONDON
N17,GREATER LONDON
N18,GREATER LONDON
N19,GREATER LONDON
N1C,GREATER LONDON
N2,GREATER LONDON
N20,GREATER LONDON
N21,GREATER LONDON
N22,GREATER LONDON
N3,GREATER LONDON
N4,GREATER LONDON
N5,GREATER LONDON
N6,GREATER LONDON
N7,GREATER LONDON
N8,GREATER LONDON
N9,GREATER LONDON
NE1,TYNE AND WEAR
NE10,TYNE AND WEAR
NE11,TYNE AND WEAR
NE12,TYNE AND WEAR
NE13,TYNE AND WEAR
NE15,TYNE AND WEAR
NE16,TYNE AND WEAR
NE17,TYNE AND WEAR
NE18,NORTHUMBERLAND
NE19,NORTHUMBERLAND
NE2,TYNE AND WEAR
NE20,NORTHUMBERLAND
NE21,TYNE AND WEAR
NE22,NORTHUMBERLAND
NE23,NORTHUMBERLAND
NE24,NORTHUMBERLAND
NE25,TYNE AND WEAR
NE26,TYNE AND WEAR
NE27,TYNE AND WEAR
NE28,TYNE AND WEAR
NE29,TYNE AND WEAR
NE3,TYNE AND WEAR
NE30,TYNE AND WEAR
NE31,TYNE AND WEAR
NE32,TYNE AND WEAR
NE33,TYNE AND WEAR
NE34,TYNE AND WEAR
NE35,TYNE AND WEAR
NE36,TYNE AND WEAR
NE37,TYNE AND WEAR
NE38,TYNE AND WEAR
NE39,TYNE AND WEAR
NE4,TYNE AND WEAR
NE40,TYNE AND WEAR
NE41,NORTHUMBERLAND
NE42,NORTHUMBERLAND
NE43,NORTHUMBERLAND
NE44,NORTHUMBERLAND
NE45,NORTHUMBERLAND
NE46,NORTHUMBERLAND
NE47,NORTHUMBERLAND
NE48,NORTHUMBERLAND
NE49,NORTHUMBERLAND
NE5,TYNE AND WEAR
NE6,TYNE AND WEAR
NE61,NORTHUMBERLAND
NE62,NORTHUMBERLAND
NE63,NORTHUMBERLAND
NE64,NORTHUMBERLAND
NE65,NORTHUMBERLAND
NE66,NORTHUMBERLAND
NE67,NORTHUMBERLAND
NE68,NORTHUMBERLAND
NE69,NORTHUMBERLAND
NE7,TYNE AND WEAR
NE70,NORTHUMBERLAND
NE71,NORTHUMBERLAND
NE8,TYNE AND WEAR
NE9,TYNE AND WEAR
NG1,CITY OF NOTTINGHAM
NG10,DERBYSHIRE
NG11,CITY OF NOTTINGHAM
NG12,NOTTINGHAMSHIRE
NG13,NOTTINGHAMSHIRE
NG14,NOTTINGHAMSHIRE
NG15,NOTTINGHAMSHIRE
NG16,NOTTINGHAMSHIRE
NG17,NOTTINGHAMSHIRE
NG18,NOTTINGHAMSHIRE
NG19,NOTTINGHAMSHIRE
NG2,NOTTINGHAMSHIRE
NG20,DERBYSHIRE
NG21,NOTTINGHAMSHIRE
NG22,NOTTINGHAMSHIRE
NG23,NOTTINGHAMSHIRE
NG24,NOTTINGHAMSHIRE
NG25,NOTTINGHAMSHIRE
NG3,CITY OF NOTTINGHAM
NG31,LINCOLNSHIRE
NG32,LINCOLNSHIRE
NG33,LINCOLNSHIRE
NG34,LINCOLNSHIRE
NG4,NOTTINGHAMSHIRE
NG5,CITY OF NOTTINGHAM
NG6,CITY OF NOTTINGHAM
NG7,CITY OF NOTTINGHAM
NG8,CITY OF NOTTINGHAM
NG9,NOTTINGHAMSHIRE
NN1,WEST NORTHAMPTONSHIRE
NN10,NORTH NORTHAMPTONSHIRE
NN11,WEST NORTHAMPTONSHIRE
NN12,WEST NORTHAMPTONSHIRE
NN13,WEST NORTHAMPTONSHIRE
NN14,NORTH NORTHAMPTONSHIRE
NN15,NORTH NORTHAMPTONSHIRE
NN16,NORTH NORTHAMPTONSHIRE
NN17,NORTH NORTHAMPTONSHIRE
NN18,NORTH NORTHAMPTONSHIRE
NN2,WEST NORTHAMPTONSHIRE
NN29,NORTH NORTHAMPTONSHIRE
NN3,WEST NORTHAMPTONSHIRE
NN4,WEST NORTHAMPTONSHIRE
NN5,WEST NORTHAMPTONSHIRE
NN6,WEST NORTHAMPTONSHIRE
NN7,WEST NORTHAMPTONSHIRE
NN8,NORTH NORTHAMPTONSHIRE
NN9,NORTH NORTHAMPTONSHIRE
NP10,NEWPORT
NP11,CAERPHILLY
NP12,CAERPHILLY
NP13,BLAENAU GWENT
NP15,MONMOUTHSHIRE
NP16,MONMOUTHSHIRE
NP18,NEWPORT
NP19,NEWPORT
NP20,NEWPORT
NP22,BLAENAU GWENT
NP23,BLAENAU GWENT
NP24,CAERPHILLY
NP25,MONMOUTHSHIRE
NP26,MONMOUTHSHIRE
NP4,TORFAEN
NP44,TORFAEN
NP7,MONMOUTHSHIRE
NP8,POWYS
NR1,NORFOLK
NR10,NORFOLK
NR11,NORFOLK
NR12,NORFOLK
NR13,NORFOLK
NR14,NORFOLK
NR15,NORFOLK
NR16,NORFOLK
NR17,NORFOLK
NR18,NORFOLK
NR19,NORFOLK
NR2,NORFOLK
NR20,NORFOLK
NR21,NORFOLK
NR22,NORFOLK
NR23,NORFOLK
NR24,NORFOLK
NR25,NORFOLK
NR26,NORFOLK
NR27,NORFOLK
NR28,NORFOLK
NR29,NORFOLK
NR3,NORFOLK
NR30,NORFOLK
NR31,NORFOLK
NR32,SUFFOLK
NR33,SUFFOLK
NR34,SUFFOLK
NR35,SUFFOLK
NR4,NORFOLK
NR5,NORFOLK
NR6,NORFOLK
NR7,NORFOLK
NR8,NORFOLK
NR9,NORFOLK
NW1,GREATER LONDON
NW10,GREATER LONDON
NW11,GREATER LONDON
NW2,GREATER LONDON
NW3,GREATER LONDON
NW4,GREATER LONDON
NW5,GREATER LONDON
NW6,GREATER LONDON
NW7,GREATER LONDON
NW8,GREATER LONDON
NW9,GREATER LONDON
OL1,GREATER MANCHESTER
OL10,GREATER MANCHESTER
OL11,GREATER MANCHESTER
OL12,GREATER MANCHESTER
OL13,LANCASHIRE
OL14,WEST YORKSHIRE
OL15,GREATER MANCHESTER
OL16,GREATER MANCHESTER
OL2,GREATER MANCHESTER
OL3,GREATER MANCHESTER
OL4,GREATER MANCHESTER
OL5,GREATER MANCHESTER
OL6,GREATER MANCHESTER
OL7,GREATER MANCHESTER
OL8,GREATER MANCHESTER
OL9,GREATER MANCHESTER
OX1,OXFORDSHIRE
OX10,OXFORDSHIRE
OX11,OXFORDSHIRE
OX12,OXFORDSHIRE
OX13,OXFORDSHIRE
OX14,OXFORDSHIRE
OX15,OXFORDSHIRE
OX16,OXFORDSHIRE
OX17,WEST NORTHAMPTONSHIRE
OX18,OXFORDSHIRE
OX2,OXFORDSHIRE
OX20,OXFORDSHIRE
OX25,OXFORDSHIRE
OX26,OXFORDSHIRE
OX27,OXFORDSHIRE
OX28,OXFORDSHIRE
OX29,OXFORDSHIRE
OX3,OXFORDSHIRE
OX33,OXFORDSHIRE
OX39,OXFORDSHIRE
OX4,OXFORDSHIRE
OX44,OXFORDSHIRE
OX49,OXFORDSHIRE
OX5,OXFORDSHIRE
OX7,OXFORDSHIRE
OX9,OXFORDSHIRE
PE1,CITY OF PETERBOROUGH
PE10,LINCOLNSHIRE
PE11,LINCOLNSHIRE
PE12,LINCOLNSHIRE
PE13,CAMBRIDGESHIRE
PE14,NORFOLK
PE15,CAMBRIDGESHIRE
PE16,CAMBRIDGESHIRE
PE17,CAMBRIDGESHIRE
PE19,CAMBRIDGESHIRE
PE2,CITY OF PETERBOROUGH
PE20,LINCOLNSHIRE
PE21,LINCOLNSHIRE
PE22,LINCOLNSHIRE
PE23,LINCOLNSHIRE
PE24,LINCOLNSHIRE
PE25,LINCOLNSHIRE
PE26,CAMBRIDGESHIRE
PE27,CAMBRIDGESHIRE
PE28,CAMBRIDGESHIRE
PE29,CAMBRIDGESHIRE
PE3,CITY OF PETERBOROUGH
PE30,NORFOLK
PE31,NORFOLK
PE32,NORFOLK
PE33,NORFOLK
PE34,NORFOLK
PE36,NORFOLK
PE37,NORFOLK
PE38,NORFOLK
PE4,CITY OF PETERBOROUGH
PE5,CITY OF PETERBOROUGH
PE6,LINCOLNSHIRE
PE7,CAMBRIDGESHIRE
PE8,NORTH NORTHAMPTONSHIRE
PE9,LINCOLNSHIRE
PL1,CITY OF PLYMOUTH
PL10,CORNWALL
PL11,CORNWALL
PL12,CORNWALL
PL13,CORNWALL
PL14,CORNWALL
PL15,CORNWALL
PL16,DEVON
PL17,CORNWALL
PL18,CORNWALL
PL19,DEVON
PL2,CITY OF PLYMOUTH
PL20,DEVON
PL21,DEVON
PL22,CORNWALL
PL23,CORNWALL
PL24,CORNWALL
PL25,CORNWALL
PL26,CORNWALL
PL27,CORNWALL
PL28,CORNWALL
PL29,CORNWALL
PL3,CITY OF PLYMOUTH
PL30,CORNWALL
PL31,CORNWALL
PL32,CORNWALL
PL33,CORNWALL
PL34,CORNWALL
PL35,CORNWALL
PL4,CITY OF PLYMOUTH
PL5,CITY OF PLYMOUTH
PL6,CITY OF PLYMOUTH
PL7,CITY OF PLYMOUTH
PL8,DEVON
PL9,CITY OF PLYMOUTH
PO1,PORTSMOUTH
PO10,HAMPSHIRE
PO11,HAMPSHIRE
PO12,HAMPSHIRE
PO13,HAMPSHIRE
PO14,HAMPSHIRE
PO15,HAMPSHIRE
PO16,HAMPSHIRE
PO17,HAMPSHIRE
PO18,WEST SUSSEX
PO19,WEST SUSSEX
PO2,PORTSMOUTH
PO20,WEST SUSSEX
PO21,WEST SUSSEX
PO22,WEST SUSSEX
PO3,PORTSMOUTH
PO30,ISLE OF WIGHT
PO31,ISLE OF WIGHT
PO32,ISLE OF WIGHT
PO33,ISLE OF WIGHT
PO34,ISLE OF WIGHT
PO35,ISLE OF WIGHT
PO36,ISLE OF WIGHT
PO37,ISLE OF WIGHT
PO38,ISLE OF WIGHT
PO39,ISLE OF WIGHT
PO4,PORTSMOUTH
PO40,ISLE OF WIGHT
PO41,ISLE OF WIGHT
PO5,PORTSMOUTH
PO6,PORTSMOUTH
PO7,HAMPSHIRE
PO8,HAMPSHIRE
PO9,HAMPSHIRE
PR1,LANCASHIRE
PR2,LANCASHIRE
PR25,LANCASHIRE
PR26,LANCASHIRE
PR3,LANCASHIRE
PR4,LANCASHIRE
PR5,LANCASHIRE
PR6,LANCASHIRE
PR7,LANCASHIRE
PR8,MERSEYSIDE
PR9,MERSEYSIDE
RG1,READING
RG10,WOKINGHAM
RG12,BRACKNELL FOREST
RG14,WEST BERKSHIRE
RG17,WEST BERKSHIRE
RG18,WEST BERKSHIRE
RG19,WEST BERKSHIRE
RG2,WOKINGHAM
RG20,HAMPSHIRE
RG21,HAMPSHIRE
RG22,HAMPSHIRE
RG23,HAMPSHIRE
RG24,HAMPSHIRE
RG25,HAMPSHIRE
RG26,HAMPSHIRE
RG27,HAMPSHIRE
RG28,HAMPSHIRE
RG29,HAMPSHIRE
RG30,READING
RG31,WEST BERKSHIRE
RG4,READING
RG40,WOKINGHAM
RG41,WOKINGHAM
RG42,BRACKNELL FOREST
RG45,BRACKNELL FOREST
RG5,WOKINGHAM
RG6,WOKINGHAM
RG7,WEST BERKSHIRE
RG8,WEST BERKSHIRE
RG9,OXFORDSHIRE
RH1,SURREY
RH10,WEST SUSSEX
RH11,WEST SUSSEX
RH12,WEST SUSSEX
RH13,WEST SUSSEX
RH14,WEST SUSSEX
RH15,WEST SUSSEX
RH16,WEST SUSSEX
RH17,WEST SUSSEX
RH18,EAST SUSSEX
RH19,WEST SUSSEX
RH2,SURREY
RH20,WEST SUSSEX
RH3,SURREY
RH4,SURREY
RH5,SURREY
RH6,SURREY
RH7,SURREY
RH8,SURREY
RH9,SURREY
RM1,GREATER LONDON
RM10,GREATER LONDON
RM11,GREATER LONDON
RM12,GREATER LONDON
RM13,GREATER LONDON
RM14,GREATER LONDON
RM15,THURROCK
RM16,THURROCK
RM17,THURROCK
RM18,THURROCK
RM19,THURROCK
RM2,GREATER LONDON
RM20,THURROCK
RM3,GREATER LONDON
RM4,ESSEX
RM5,GREATER LONDON
RM6,GREATER LONDON
RM7,GREATER LONDON
RM8,GREATER LONDON
RM9,GREATER LONDON
S1,SOUTH YORKSHIRE
S10,SOUTH YORKSHIRE
S11,SOUTH YORKSHIRE
S12,SOUTH YORKSHIRE
S13,SOUTH YORKSHIRE
S14,SOUTH YORKSHIRE
S17,SOUTH YORKSHIRE
S18,DERBYSHIRE
S2,SOUTH YORKSHIRE
S20,SOUTH YORKSHIRE
S21,DERBYSHIRE
S25,SOUTH YORKSHIRE
S26,SOUTH YORKSHIRE
S3,SOUTH YORKSHIRE
S32,DERBYSHIRE
S33,DERBYSHIRE
S35,SOUTH YORKSHIRE
S36,SOUTH YORKSHIRE
S4,SOUTH YORKSHIRE
S40,DERBYSHIRE
S41,DERBYSHIRE
S42,DERBYSHIRE
S43,DERBYSHIRE
S44,DERBYSHIRE
S45,DERBYSHIRE
S5,SOUTH YORKSHIRE
S6,SOUTH YORKSHIRE
S60,SOUTH YORKSHIRE
S61,SOUTH YORKSHIRE
S62,SOUTH YORKSHIRE
S63,SOUTH YORKSHIRE
S64,SOUTH YORKSHIRE
S65,SOUTH YORKSHIRE
S66,SOUTH YORKSHIRE
S7,SOUTH YORKSHIRE
S70,SOUTH YORKSHIRE
S71,SOUTH YORKSHIRE
S72,SOUTH YORKSHIRE
S73,SOUTH YORKSHIRE
S74,SOUTH YORKSHIRE
S75,SOUTH YORKSHIRE
S8,SOUTH YORKSHIRE
S80,NOTTINGHAMSHIRE
S81,NOTTINGHAMSHIRE
S9,SOUTH YORKSHIRE
SA1,SWANSEA
SA10,NEATH PORT TALBOT
SA11,NEATH PORT TALBOT
SA12,NEATH PORT TALBOT
SA13,NEATH PORT TALBOT
SA14,CARMARTHENSHIRE
SA15,CARMARTHENSHIRE
SA16,CARMARTHENSHIRE
SA17,CARMARTHENSHIRE
SA18,CARMARTHENSHIRE
SA19,CARMARTHENSHIRE
SA2,SWANSEA
SA20,CARMARTHENSHIRE
SA3,SWANSEA
SA31,CARMARTHENSHIRE
SA32,CARMARTHENSHIRE
SA33,CARMARTHENSHIRE
SA34,CARMARTHENSHIRE
SA35,PEMBROKESHIRE
SA36,PEMBROKESHIRE
SA37,PEMBROKESHIRE
SA38,CEREDIGION
SA39,CARMARTHENSHIRE
SA4,SWANSEA
SA40,CARMARTHENSHIRE
SA41,PEMBROKESHIRE
SA42,PEMBROKESHIRE
SA43,CEREDIGION
SA44,CEREDIGION
SA45,CEREDIGION
SA46,CEREDIGION
SA47,CEREDIGION
SA48,CEREDIGION
SA5,SWANSEA
SA6,SWANSEA
SA61,PEMBROKESHIRE
SA62,PEMBROKESHIRE
SA63,PEMBROKESHIRE
SA64,PEMBROKESHIRE
SA65,PEMBROKESHIRE
SA66,PEMBROKESHIRE
SA67,PEMBROKESHIRE
SA68,PEMBROKESHIRE
SA69,PEMBROKESHIRE
SA7,SWANSEA
SA70,PEMBROKESHIRE
SA71,PEMBROKESHIRE
SA72,PEMBROKESHIRE
SA73,PEMBROKESHIRE
SA8,NEATH PORT TALBOT
SA9,POWYS
SE1,GREATER LONDON
SE10,GREATER LONDON
SE11,GREATER LONDON
SE12,GREATER LONDON
SE13,GREATER LONDON
SE14,GREATER LONDON
SE15,GREATER LONDON
SE16,GREATER LONDON
SE17,GREATER LONDON
SE18,GREATER LONDON
SE19,GREATER LONDON
SE2,GREATER LONDON
SE20,GREATER LONDON
SE21,GREATER LONDON
SE22,GREATER LONDON
SE23,GREATER LONDON
SE24,GREATER LONDON
SE25,GREATER LONDON
SE26,GREATER LONDON
SE27,GREATER LONDON
SE28,GREATER LONDON
SE3,GREATER LONDON
SE4,GREATER LONDON
SE5,GREATER LONDON
SE6,GREATER LONDON
SE7,GREATER LONDON
SE8,GREATER LONDON
SE9,GREATER LONDON
SG1,HERTFORDSHIRE
SG10,HERTFORDSHIRE
SG11,HERTFORDSHIRE
SG12,HERTFORDSHIRE
SG13,HERTFORDSHIRE
SG14,HERTFORDSHIRE
SG15,CENTRAL BEDFORDSHIRE
SG16,CENTRAL BEDFORDSHIRE
SG17,CENTRAL BEDFORDSHIRE
SG18,CENTRAL BEDFORDSHIRE
SG19,CENTRAL BEDFORDSHIRE
SG2,HERTFORDSHIRE
SG3,HERTFORDSHIRE
SG4,HERTFORDSHIRE
SG5,HERTFORDSHIRE
SG6,HERTFORDSHIRE
SG7,HERTFORDSHIRE
SG8,HERTFORDSHIRE
SG9,HERTFORDSHIRE
SK1,GREATER MANCHESTER
SK10,CHESHIRE EAST
SK11,CHESHIRE EAST
SK12,CHESHIRE EAST
SK13,DERBYSHIRE
SK14,GREATER MANCHESTER
SK15,GREATER MANCHESTER
SK16,GREATER MANCHESTER
SK17,DERBYSHIRE
SK2,GREATER MANCHESTER
SK22,DERBYSHIRE
SK23,DERBYSHIRE
SK3,GREATER MANCHESTER
SK4,GREATER MANCHESTER
SK5,GREATER MANCHESTER
SK6,GREATER MANCHESTER
SK7,GREATER MANCHESTER
SK8,GREATER MANCHESTER
SK9,CHESHIRE EAST
SL0,BUCKINGHAMSHIRE
SL1,SLOUGH
SL2,SLOUGH
SL3,SLOUGH
SL4,WINDSOR AND MAIDENHEAD
SL5,WINDSOR AND MAIDENHEAD
SL6,WINDSOR AND MAIDENHEAD
SL7,BUCKINGHAMSHIRE
SL8,BUCKINGHAMSHIRE
SL9,BUCKINGHAMSHIRE
SM1,GREATER LONDON
SM2,GREATER LONDON
SM3,GREATER LONDON
SM4,GREATER LONDON
SM5,GREATER LONDON
SM6,GREATER LONDON
SM7,SURREY
SN1,SWINDON
SN10,WILTSHIRE
SN11,WILTSHIRE
SN12,WILTSHIRE
SN13,WILTSHIRE
SN14,WILTSHIRE
SN15,WILTSHIRE
SN16,WILTSHIRE
SN2,SWINDON
SN25,SWINDON
SN26,SWINDON
SN3,SWINDON
SN4,WILTSHIRE
SN5,SWINDON
SN6,SWINDON
SN7,OXFORDSHIRE
SN8,WILTSHIRE
SN9,WILTSHIRE
SO14,SOUTHAMPTON
SO15,SOUTHAMPTON
SO16,SOUTHAMPTON
SO17,SOUTHAMPTON
SO18,SOUTHAMPTON
SO19,SOUTHAMPTON
SO20,HAMPSHIRE
SO21,HAMPSHIRE
SO22,HAMPSHIRE
SO23,HAMPSHIRE
SO24,HAMPSHIRE
SO30,HAMPSHIRE
SO31,HAMPSHIRE
SO32,HAMPSHIRE
SO40,HAMPSHIRE
SO41,HAMPSHIRE
SO42,HAMPSHIRE
SO43,HAMPSHIRE
SO45,HAMPSHIRE
SO50,HAMPSHIRE
SO51,HAMPSHIRE
SO52,HAMPSHIRE
SO53,HAMPSHIRE
SP1,WILTSHIRE
SP10,HAMPSHIRE
SP11,HAMPSHIRE
SP2,WILTSHIRE
SP3,WILTSHIRE
SP4,WILTSHIRE
SP5,WILTSHIRE
SP6,HAMPSHIRE
SP7,DORSET
SP8,DORSET
SP9,WILTSHIRE
SR1,TYNE AND WEAR
SR2,TYNE AND WEAR
SR3,TYNE AND WEAR
SR4,TYNE AND WEAR
SR5,TYNE AND WEAR
SR6,TYNE AND WEAR
SR7,COUNTY DURHAM
SR8,COUNTY DURHAM
SS0,SOUTHEND-ON-SEA
SS1,SOUTHEND-ON-SEA
SS11,ESSEX
SS12,ESSEX
SS13,ESSEX
SS14,ESSEX
SS15,ESSEX
SS16,ESSEX
SS17,THURROCK
SS2,SOUTHEND-ON-SEA
SS3,SOUTHEND-ON-SEA
SS4,ESSEX
SS5,ESSEX
SS6,ESSEX
SS7,ESSEX
SS8,ESSEX
SS9,SOUTHEND-ON-SEA
ST1,STOKE-ON-TRENT
ST10,STAFFORDSHIRE
ST11,STAFFORDSHIRE
ST12,STAFFORDSHIRE
ST13,STAFFORDSHIRE
ST14,STAFFORDSHIRE
ST15,STAFFORDSHIRE
ST16,STAFFORDSHIRE
ST17,STAFFORDSHIRE
ST18,STAFFORDSHIRE
ST19,STAFFORDSHIRE
ST2,STOKE-ON-TRENT
ST20,STAFFORDSHIRE
ST21,STAFFORDSHIRE
ST3,STOKE-ON-TRENT
ST4,STOKE-ON-TRENT
ST5,STAFFORDSHIRE
ST6,STOKE-ON-TRENT
ST7,STAFFORDSHIRE
ST8,STAFFORDSHIRE
ST9,STAFFORDSHIRE
SW10,GREATER LONDON
SW11,GREATER LONDON
SW12,GREATER LONDON
SW13,GREATER LONDON
SW14,GREATER LONDON
SW15,GREATER LONDON
SW16,GREATER LONDON
SW17,GREATER LONDON
SW18,GREATER LONDON
SW19,GREATER LONDON
SW1A,GREATER LONDON
SW1E,GREATER LONDON
SW1H,GREATER LONDON
SW1P,GREATER LONDON
SW1V,GREATER LONDON
SW1W,GREATER LONDON
SW1X,GREATER LONDON
SW1Y,GREATER LONDON
SW2,GREATER LONDON
SW20,GREATER LONDON
SW3,GREATER LONDON
SW4,GREATER LONDON
SW5,GREATER LONDON
SW6,GREATER LONDON
SW7,GREATER LONDON
SW8,GREATER LONDON
SW9,GREATER LONDON
SY1,SHROPSHIRE
SY10,SHROPSHIRE
SY11,SHROPSHIRE
SY12,SHROPSHIRE
SY13,SHROPSHIRE
SY14,CHESHIRE WEST AND CHESTER
SY15,POWYS
SY16,POWYS
SY17,POWYS
SY18,POWYS
SY19,POWYS
SY2,SHROPSHIRE
SY20,POWYS
SY21,POWYS
SY22,POWYS
SY23,CEREDIGION
SY24,CEREDIGION
SY25,CEREDIGION
SY3,SHROPSHIRE
SY4,SHROPSHIRE
SY5,SHROPSHIRE
SY6,SHROPSHIRE
SY7,SHROPSHIRE
SY8,SHROPSHIRE
SY9,SHROPSHIRE
TA1,SOMERSET
TA10,SOMERSET
TA11,SOMERSET
TA12,SOMERSET
TA13,SOMERSET
TA14,SOMERSET
TA15,SOMERSET
TA16,SOMERSET
TA17,SOMERSET
TA18,SOMERSET
TA19,SOMERSET
TA2,SOMERSET
TA20,SOMERSET
TA21,SOMERSET
TA22,SOMERSET
TA23,SOMERSET
TA24,SOMERSET
TA3,SOMERSET
TA4,SOMERSET
TA5,SOMERSET
TA6,SOMERSET
TA7,SOMERSET
TA8,SOMERSET
TA9,SOMERSET
TD12,NORTHUMBERLAND
TD15,NORTHUMBERLAND
TD5,NORTHUMBERLAND
TD9,CUMBRIA
TF1,WREKIN
TF10,WREKIN
TF11,SHROPSHIRE
TF12,SHROPSHIRE
TF13,SHROPSHIRE
TF2,WREKIN
TF3,WREKIN
TF4,WREKIN
TF5,WREKIN
TF6,WREKIN
TF7,WREKIN
TF8,WREKIN
TF9,SHROPSHIRE
TN1,KENT
TN10,KENT
TN11,KENT
TN12,KENT
TN13,KENT
TN14,KENT
TN15,KENT
TN16,GREATER LONDON
TN17,KENT
TN18,KENT
TN19,EAST SUSSEX
TN2,KENT
TN20,EAST SUSSEX
TN21,EAST SUSSEX
TN22,EAST SUSSEX
TN23,KENT
TN24,KENT
TN25,KENT
TN26,KENT
TN27,KENT
TN28,KENT
TN29,KENT
TN3,KENT
TN30,KENT
TN31,EAST SUSSEX
TN32,EAST SUSSEX
TN33,EAST SUSSEX
TN34,EAST SUSSEX
TN35,EAST SUSSEX
TN36,EAST SUSSEX
TN37,EAST SUSSEX
TN38,EAST SUSSEX
TN39,EAST SUSSEX
TN4,KENT
TN40,EAST SUSSEX
TN5,EAST SUSSEX
TN6,EAST SUSSEX
TN7,EAST SUSSEX
TN8,KENT
TN9,KENT
TQ1,TORBAY
TQ10,DEVON
TQ11,DEVON
TQ12,DEVON
TQ13,DEVON
TQ14,DEVON
TQ2,TORBAY
TQ3,TORBAY
TQ4,TORBAY
TQ5,TORBAY
TQ6,DEVON
TQ7,DEVON
TQ8,DEVON
TQ9,DEVON
TR1,CORNWALL
TR10,CORNWALL
TR11,CORNWALL
TR12,CORNWALL
TR13,CORNWALL
TR14,CORNWALL
TR15,CORNWALL
TR16,CORNWALL
TR17,CORNWALL
TR18,CORNWALL
TR19,CORNWALL
TR2,CORNWALL
TR20,CORNWALL
TR21,ISLES OF SCILLY
TR22,ISLES OF SCILLY
TR25,ISLES OF SCILLY
TR26,CORNWALL
TR27,CORNWALL
TR3,CORNWALL
TR4,CORNWALL
TR5,CORNWALL
TR6,CORNWALL
TR7,CORNWALL
TR8,CORNWALL
TR9,CORNWALL
TS1,MIDDLESBROUGH
TS10,REDCAR AND CLEVELAND
TS11,REDCAR AND CLEVELAND
TS12,REDCAR AND CLEVELAND
TS13,REDCAR AND CLEVELAND
TS14,REDCAR AND CLEVELAND
TS15,STOCKTON-ON-TEES
TS16,STOCKTON-ON-TEES
TS17,STOCKTON-ON-TEES
TS18,STOCKTON-ON-TEES
TS19,STOCKTON-ON-TEES
TS2,STOCKTON-ON-TEES
TS20,STOCKTON-ON-TEES
TS21,COUNTY DURHAM
TS22,STOCKTON-ON-TEES
TS23,STOCKTON-ON-TEES
TS24,HARTLEPOOL
TS25,HARTLEPOOL
TS26,HARTLEPOOL
TS27,COUNTY DURHAM
TS28,COUNTY DURHAM
TS29,COUNTY DURHAM
TS3,MIDDLESBROUGH
TS4,MIDDLESBROUGH
TS5,MIDDLESBROUGH
TS6,REDCAR AND CLEVELAND
TS7,MIDDLESBROUGH
TS8,MIDDLESBROUGH
TS9,NORTH YORKSHIRE
TW1,GREATER LONDON
TW10,GREATER LONDON
TW11,GREATER LONDON
TW12,GREATER LONDON
TW13,GREATER LONDON
TW14,GREATER LONDON
TW15,SURREY
TW16,SURREY
TW17,SURREY
TW18,SURREY
TW19,SURREY
TW2,GREATER LONDON
TW20,SURREY
TW3,GREATER LONDON
TW4,GREATER LONDON
TW5,GREATER LONDON
TW7,GREATER LONDON
TW8,GREATER LONDON
TW9,GREATER LONDON
UB1,GREATER LONDON
UB10,GREATER LONDON
UB2,GREATER LONDON
UB3,GREATER LONDON
UB4,GREATER LONDON
UB5,GREATER LONDON
UB6,GREATER LONDON
UB7,GREATER LONDON
UB8,GREATER LONDON
UB9,BUCKINGHAMSHIRE
W10,GREATER LONDON
W11,GREATER LONDON
W12,GREATER LONDON
W13,GREATER LONDON
W14,GREATER LONDON
W1B,GREATER LONDON
W1D,GREATER LONDON
W1F,GREATER LONDON
W1G,GREATER LONDON
W1H,GREATER LONDON
W1J,GREATER LONDON
W1K,GREATER LONDON
W1S,GREATER LONDON
W1T,GREATER LONDON
W1U,GREATER LONDON
W1W,GREATER LONDON
W2,GREATER LONDON
W3,GREATER LONDON
W4,GREATER LONDON
W5,GREATER LONDON
W6,GREATER LONDON
W7,GREATER LONDON
W8,GREATER LONDON
W9,GREATER LONDON
WA1,WARRINGTON
WA10,MERSEYSIDE
WA11,MERSEYSIDE
WA12,MERSEYSIDE
WA13,WARRINGTON
WA14,GREATER MANCHESTER
WA15,GREATER MANCHESTER
WA16,CHESHIRE EAST
WA2,WARRINGTON
WA3,GREATER MANCHESTER
WA4,WARRINGTON
WA5,WARRINGTON
WA6,CHESHIRE WEST AND CHESTER
WA7,HALTON
WA8,HALTON
WA9,MERSEYSIDE
WC1A,GREATER LONDON
WC1B,GREATER LONDON
WC1E,GREATER LONDON
WC1H,GREATER LONDON
WC1N,GREATER LONDON
WC1R,GREATER LONDON
WC1V,GREATER LONDON
WC1X,GREATER LONDON
WC2A,GREATER LONDON
WC2B,GREATER LONDON
WC2E,GREATER LONDON
WC2H,GREATER LONDON
WC2N,GREATER LONDON
WC2R,GREATER LONDON
WD17,HERTFORDSHIRE
WD18,HERTFORDSHIRE
WD19,HERTFORDSHIRE
WD23,HERTFORDSHIRE
WD24,HERTFORDSHIRE
WD25,HERTFORDSHIRE
WD3,HERTFORDSHIRE
WD4,HERTFORDSHIRE
WD5,HERTFORDSHIRE
WD6,HERTFORDSHIRE
WD7,HERTFORDSHIRE
WF1,WEST YORKSHIRE
WF10,WEST YORKSHIRE
WF11,WEST YORKSHIRE
WF12,WEST YORKSHIRE
WF13,WEST YORKSHIRE
WF14,WEST YORKSHIRE
WF15,WEST YORKSHIRE
WF16,WEST YORKSHIRE
WF17,WEST YORKSHIRE
WF2,WEST YORKSHIRE
WF3,WEST YORKSHIRE
WF4,WEST YORKSHIRE
WF5,WEST YORKSHIRE
WF6,WEST YORKSHIRE
WF7,WEST YORKSHIRE
WF8,WEST YORKSHIRE
WF9,WEST YORKSHIRE
WN1,GREATER MANCHESTER
WN2,GREATER MANCHESTER
WN3,GREATER MANCHESTER
WN4,GREATER MANCHESTER
WN5,GREATER MANCHESTER
WN6,GREATER MANCHESTER
WN7,GREATER MANCHESTER
WN8,LANCASHIRE
WR1,WORCESTERSHIRE
WR10,WORCESTERSHIRE
WR11,WORCESTERSHIRE
WR12,WORCESTERSHIRE
WR13,HEREFORDSHIRE
WR14,WORCESTERSHIRE
WR15,WORCESTERSHIRE
WR2,WORCESTERSHIRE
WR3,WORCESTERSHIRE
WR4,WORCESTERSHIRE
WR5,WORCESTERSHIRE
WR6,WORCESTERSHIRE
WR7,WORCESTERSHIRE
WR8,WORCESTERSHIRE
WR9,WORCESTERSHIRE
WS1,WEST MIDLANDS
WS10,WEST MIDLANDS
WS11,STAFFORDSHIRE
WS12,STAFFORDSHIRE
WS13,STAFFORDSHIRE
WS14,STAFFORDSHIRE
WS15,STAFFORDSHIRE
WS2,WEST MIDLANDS
WS3,WEST MIDLANDS
WS4,WEST MIDLANDS
WS5,WEST MIDLANDS
WS6,STAFFORDSHIRE
WS7,STAFFORDSHIRE
WS8,WEST MIDLANDS
WS9,WEST MIDLANDS
WV1,WEST MIDLANDS
WV10,WEST MIDLANDS
WV11,WEST MIDLANDS
WV12,WEST MIDLANDS
WV13,WEST MIDLANDS
WV14,WEST MIDLANDS
WV15,SHROPSHIRE
WV16,SHROPSHIRE
WV2,WEST MIDLANDS
WV3,WEST MIDLANDS
WV4,WEST MIDLANDS
WV5,STAFFORDSHIRE
WV6,WEST MIDLANDS
WV7,SHROPSHIRE
WV8,STAFFORDSHIRE
WV9,WEST MIDLANDS
YO1,YORK
YO10,YORK
YO11,NORTH YORKSHIRE
YO12,NORTH YORKSHIRE
YO13,NORTH YORKSHIRE
YO14,NORTH YORKSHIRE
YO15,EAST RIDING OF YORKSHIRE
YO16,EAST RIDING OF YORKSHIRE
YO17,NORTH YORKSHIRE
YO18,NORTH YORKSHIRE
YO19,YORK
YO2,NORTH YORKSHIRE
YO21,NORTH YORKSHIRE
YO22,NORTH YORKSHIRE
YO23,YORK
YO24,YORK
YO25,EAST RIDING OF YORKSHIRE
YO26,YORK
YO30,YORK
YO31,YORK
YO32,YORK
YO4,EAST RIDING OF YORKSHIRE
YO41,EAST RIDING OF YORKSHIRE
YO42,EAST RIDING OF YORKSHIRE
YO43,EAST RIDING OF YORKSHIRE
YO51,NORTH YORKSHIRE
YO60,NORTH YORKSHIRE
YO61,NORTH YORKSHIRE
YO62,NORTH YORKSHIRE
YO7,NORTH YORKSHIRE
YO8,NORTH YORKSHIRE
